{"loss": [1.0158461332321167, 0.8407344818115234, 0.7495936751365662, 0.6552695035934448, 0.541985034942627, 0.4963924288749695, 0.40111276507377625, 0.33600279688835144, 0.29014095664024353, 0.23343774676322937, 0.18602637946605682, 0.14574672281742096, 0.11158881336450577, 0.07689666748046875, 0.0860338881611824], "accuracy": [0.5228040814399719, 0.6176801919937134, 0.6669481992721558, 0.7249436974525452, 0.7792792916297913, 0.8018018007278442, 0.8479729890823364, 0.869369387626648, 0.8885135054588318, 0.9110360145568848, 0.9307432174682617, 0.9476351141929626, 0.9591779112815857, 0.9740990996360779, 0.971565306186676], "val_loss": [0.7397603392601013, 0.5470203757286072, 0.40573394298553467, 0.5032200813293457, 0.3523086905479431, 0.28185081481933594, 0.3898836076259613, 0.07298332452774048, 0.25559115409851074, 0.21716299653053284, 0.06061391159892082, 0.1382291615009308, 0.1133532002568245, 0.34290561079978943, 0.20482255518436432], "val_accuracy": [0.695652186870575, 0.804347813129425, 0.8478260636329651, 0.782608687877655, 0.8478260636329651, 0.8913043737411499, 0.8478260636329651, 0.97826087474823, 0.8913043737411499, 0.9347826242446899, 0.97826087474823, 0.97826087474823, 0.97826087474823, 0.8478260636329651, 0.9130434989929199]}